{"0":{"gridLayoutHorizontal3":0.0417369506,"gridLayoutHorizontal5":0.0405277073,"L1":1.4782109799,"gridLayoutHorizontal4":0.0589981005,"gridLayoutHorizontal1":-0.4130155405,"L3":-0.8465155821,"L5":0.5387709421,"L2":-0.3502631544,"L4":0.041512177,"gridLayoutHorizontal2":0.05904776},"1":{"gridLayoutHorizontal3":0.0096256404,"gridLayoutHorizontal5":0.009610778,"L1":0.0100741944,"gridLayoutHorizontal4":0.0094299405,"gridLayoutHorizontal1":0.0099401787,"L3":0.012154373,"L5":0.0100651366,"L2":0.0059469806,"L4":0.0096257088,"gridLayoutHorizontal2":0.0094322883},"2":{"gridLayoutHorizontal3":0.0096071747,"gridLayoutHorizontal5":0.0095955272,"L1":0.0100520025,"gridLayoutHorizontal4":0.0094961619,"gridLayoutHorizontal1":0.0099401787,"L3":0.0114919938,"L5":0.0100265255,"L2":0.0075593782,"L4":0.0096071991,"gridLayoutHorizontal2":0.0094978082},"3":{"gridLayoutHorizontal3":0.0095793853,"gridLayoutHorizontal5":0.0095698303,"L1":0.0100408534,"gridLayoutHorizontal4":0.0095241988,"gridLayoutHorizontal1":0.0099401787,"L3":0.011099368,"L5":0.0100056084,"L2":0.008319534,"L4":0.0095795797,"gridLayoutHorizontal2":0.0095252068},"4":{"gridLayoutHorizontal3":0.0095848497,"gridLayoutHorizontal5":0.0095770385,"L1":0.0100402868,"gridLayoutHorizontal4":0.00956373,"gridLayoutHorizontal1":0.0099401787,"L3":0.0108495503,"L5":0.0099990871,"L2":0.0087936414,"L4":0.0095849984,"gridLayoutHorizontal2":0.0095644289},"5":{"gridLayoutHorizontal3":0.009608714,"gridLayoutHorizontal5":0.0096023135,"L1":0.0100412924,"gridLayoutHorizontal4":0.0096086005,"gridLayoutHorizontal1":0.0099401787,"L3":0.0106657628,"L5":0.0099964834,"L2":0.0090976076,"L4":0.0096087475,"gridLayoutHorizontal2":0.0096091542},"6":{"gridLayoutHorizontal3":0.0096405419,"gridLayoutHorizontal5":0.0096352785,"L1":0.0100421884,"gridLayoutHorizontal4":0.0096535181,"gridLayoutHorizontal1":0.0099401787,"L3":0.0105234425,"L5":0.0099951972,"L2":0.009297346,"L4":0.0096404629,"gridLayoutHorizontal2":0.0096539977},"7":{"gridLayoutHorizontal3":0.0096743441,"gridLayoutHorizontal5":0.0096699986,"L1":0.0100427851,"gridLayoutHorizontal4":0.0096955721,"gridLayoutHorizontal1":0.0099401787,"L3":0.0104109508,"L5":0.0099944759,"L2":0.0094319723,"L4":0.0096741809,"gridLayoutHorizontal2":0.0096960046}}