{"0":{"lws8XqradLMg6flQjxaISKYCgPk1":1.6793197649,"U7qsQi7Et7cE10FdgUn9pTjNH3b2":0.148894541,"TEsMT2ssaIOeeYroq47ul7Byzub2":0.0709188532,"ZFsZz9ux9Ch04ONvDfe3dHNQNj22":-0.7718566808},"1":{"lws8XqradLMg6flQjxaISKYCgPk1":0.0097969992,"U7qsQi7Et7cE10FdgUn9pTjNH3b2":0.0075761709,"TEsMT2ssaIOeeYroq47ul7Byzub2":0.0082194781,"ZFsZz9ux9Ch04ONvDfe3dHNQNj22":0.0109407306},"2":{"lws8XqradLMg6flQjxaISKYCgPk1":0.0100482382,"U7qsQi7Et7cE10FdgUn9pTjNH3b2":0.0079577885,"TEsMT2ssaIOeeYroq47ul7Byzub2":0.008255805,"ZFsZz9ux9Ch04ONvDfe3dHNQNj22":0.0106950032},"3":{"lws8XqradLMg6flQjxaISKYCgPk1":0.0100165433,"U7qsQi7Et7cE10FdgUn9pTjNH3b2":0.0083395179,"TEsMT2ssaIOeeYroq47ul7Byzub2":0.0084292672,"ZFsZz9ux9Ch04ONvDfe3dHNQNj22":0.0103936361},"4":{"lws8XqradLMg6flQjxaISKYCgPk1":0.0100095387,"U7qsQi7Et7cE10FdgUn9pTjNH3b2":0.0086458269,"TEsMT2ssaIOeeYroq47ul7Byzub2":0.0086097028,"ZFsZz9ux9Ch04ONvDfe3dHNQNj22":0.0102105662},"5":{"lws8XqradLMg6flQjxaISKYCgPk1":0.0100079639,"U7qsQi7Et7cE10FdgUn9pTjNH3b2":0.0088872211,"TEsMT2ssaIOeeYroq47ul7Byzub2":0.0087736776,"ZFsZz9ux9Ch04ONvDfe3dHNQNj22":0.0100885312},"6":{"lws8XqradLMg6flQjxaISKYCgPk1":0.0100075824,"U7qsQi7Et7cE10FdgUn9pTjNH3b2":0.0090790158,"TEsMT2ssaIOeeYroq47ul7Byzub2":0.0089171725,"ZFsZz9ux9Ch04ONvDfe3dHNQNj22":0.0100017187},"7":{"lws8XqradLMg6flQjxaISKYCgPk1":0.0100074621,"U7qsQi7Et7cE10FdgUn9pTjNH3b2":0.0092331171,"TEsMT2ssaIOeeYroq47ul7Byzub2":0.0090406592,"ZFsZz9ux9Ch04ONvDfe3dHNQNj22":0.009937476}}